product_id,product_name,category,price
1,Soundwave Earbuds,Electronics,149.0
2,EcoClip Binder Duo,Office Supplies,39.5
3,CashmereLuxe Scarf,Clothing & Accessories,149.5
4,FlexStep GO Fitness Tracker,Sports & Outdoors,99.5
5,LeashLock Basic Set,Pet Supplies,29.99
6,DreamWeaver Sleep Mask,Beauty & Health,34.75
7,ArtyBrush Acrylic Set,Arts & Crafts,59.95
8,DreamWeaver Sleep Mask,Beauty & Health,34.75
9,Velocity Lite Helmet,Sports & Outdoors,99.0
10,LeashLock Basic Set,Pet Supplies,29.99
11,EverBloom Mini Greenhouse,Home & Garden,29.95
12,DreamWeaver Sleep Mask,Beauty & Health,34.75
13,SolarZap Charger,Electronics,89.99
14,Velocity Lite Helmet,Sports & Outdoors,99.0
15,Velocity Lite Helmet,Sports & Outdoors,99.0
16,SolarZap Charger,Electronics,89.99
17,BloomTech Smart Pot,Home & Garden,199.99
18,Soundwave Earbuds,Electronics,149.0
19,CashmereLuxe Scarf,Clothing & Accessories,149.5
20,CashmereLuxe Scarf,Clothing & Accessories,149.5
21,Velocity Lite Helmet,Sports & Outdoors,99.0
22,EcoClip Binder Duo,Office Supplies,39.5
23,LeashLock Basic Set,Pet Supplies,29.99
24,FuzzyFriend Plushie,Toys & Games,24.5
25,Soundwave Earbuds,Electronics,149.0
26,SonicSmile Pro Brush,Beauty & Health,129.95
27,SolarZap Charger,Electronics,89.99
28,CashmereLuxe Scarf,Clothing & Accessories,149.5
29,EcoClip Binder Duo,Office Supplies,39.5
30,BloomTech Smart Pot,Home & Garden,199.99
31,DreamWeaver Sleep Mask,Beauty & Health,34.75
32,EverBloom Mini Greenhouse,Home & Garden,29.95
33,AquaShield Lite Rain Jacket,Clothing & Accessories,79.0
34,Soundwave Earbuds,Electronics,149.0
35,AquaShield Lite Rain Jacket,Clothing & Accessories,79.0
36,FuzzyFriend Plushie,Toys & Games,24.5
37,DreamWeaver Sleep Mask,Beauty & Health,34.75
38,EcoClip Binder Duo,Office Supplies,39.5
39,CashmereLuxe Scarf,Clothing & Accessories,149.5
40,AquaShield Lite Rain Jacket,Clothing & Accessories,79.0
41,CashmereLuxe Scarf,Clothing & Accessories,149.5
42,FuzzyFriend Plushie,Toys & Games,24.5
43,SonicSmile Pro Brush,Beauty & Health,129.95
44,FlexStep GO Fitness Tracker,Sports & Outdoors,99.5
45,LeashLock Basic Set,Pet Supplies,29.99
46,CashmereLuxe Scarf,Clothing & Accessories,149.5
47,SolarZap Charger,Electronics,89.99
48,EverBloom Mini Greenhouse,Home & Garden,29.95
49,TrailMixX Snack Pack,Food & Beverage,14.99
50,LeashLock Basic Set,Pet Supplies,29.99
51,FlexStep GO Fitness Tracker,Sports & Outdoors,99.5
52,FlexStep GO Fitness Tracker,Sports & Outdoors,99.5
53,BloomTech Smart Pot,Home & Garden,199.99
54,FlexStep GO Fitness Tracker,Sports & Outdoors,99.5
55,Velocity Lite Helmet,Sports & Outdoors,99.0
56,Soundwave Earbuds,Electronics,149.0
57,Soundwave Earbuds,Electronics,149.0
58,DreamWeaver Sleep Mask,Beauty & Health,34.75
59,Soundwave Earbuds,Electronics,149.0
60,FuzzyFriend Plushie,Toys & Games,24.5
61,TrailMixX Snack Pack,Food & Beverage,14.99
62,SonicSmile Pro Brush,Beauty & Health,129.95
63,LeashLock Basic Set,Pet Supplies,29.99
64,SonicSmile Pro Brush,Beauty & Health,129.95
65,LeashLock Basic Set,Pet Supplies,29.99
66,Soundwave Earbuds,Electronics,149.0
67,SonicSmile Pro Brush,Beauty & Health,129.95
68,AquaShield Lite Rain Jacket,Clothing & Accessories,79.0
69,SonicSmile Pro Brush,Beauty & Health,129.95
70,ArtyBrush Acrylic Set,Arts & Crafts,59.95
71,LeashLock Basic Set,Pet Supplies,29.99
72,CashmereLuxe Scarf,Clothing & Accessories,149.5
73,Soundwave Earbuds,Electronics,149.0
74,FlexStep GO Fitness Tracker,Sports & Outdoors,99.5
75,EcoClip Binder Duo,Office Supplies,39.5
76,FlexStep GO Fitness Tracker,Sports & Outdoors,99.5
77,ArtyBrush Acrylic Set,Arts & Crafts,59.95
78,SolarZap Charger,Electronics,89.99
79,TrailMixX Snack Pack,Food & Beverage,14.99
80,SonicSmile Pro Brush,Beauty & Health,129.95
81,SolarZap Charger,Electronics,89.99
82,TrailMixX Snack Pack,Food & Beverage,14.99
83,Velocity Lite Helmet,Sports & Outdoors,99.0
84,LeashLock Basic Set,Pet Supplies,29.99
85,EverBloom Mini Greenhouse,Home & Garden,29.95
86,SonicSmile Pro Brush,Beauty & Health,129.95
87,LeashLock Basic Set,Pet Supplies,29.99
88,CashmereLuxe Scarf,Clothing & Accessories,149.5
89,Soundwave Earbuds,Electronics,149.0
90,SonicSmile Pro Brush,Beauty & Health,129.95
91,SolarZap Charger,Electronics,89.99
92,ArtyBrush Acrylic Set,Arts & Crafts,59.95
93,FlexStep GO Fitness Tracker,Sports & Outdoors,99.5
94,EcoClip Binder Duo,Office Supplies,39.5
95,TrailMixX Snack Pack,Food & Beverage,14.99
96,TrailMixX Snack Pack,Food & Beverage,14.99
97,DreamWeaver Sleep Mask,Beauty & Health,34.75
98,SonicSmile Pro Brush,Beauty & Health,129.95
99,SolarZap Charger,Electronics,89.99
100,SonicSmile Pro Brush,Beauty & Health,129.95
101,FlexStep GO Fitness Tracker,Sports & Outdoors,99.5
102,FuzzyFriend Plushie,Toys & Games,24.5
103,ArtyBrush Acrylic Set,Arts & Crafts,59.95
104,CashmereLuxe Scarf,Clothing & Accessories,149.5
105,Soundwave Earbuds,Electronics,149.0
106,LeashLock Basic Set,Pet Supplies,29.99
107,SonicSmile Pro Brush,Beauty & Health,129.95
108,FlexStep GO Fitness Tracker,Sports & Outdoors,99.5
109,DreamWeaver Sleep Mask,Beauty & Health,34.75
110,BloomTech Smart Pot,Home & Garden,199.99
111,FuzzyFriend Plushie,Toys & Games,24.5
112,TrailMixX Snack Pack,Food & Beverage,14.99
113,TrailMixX Snack Pack,Food & Beverage,14.99
114,CashmereLuxe Scarf,Clothing & Accessories,149.5
115,BloomTech Smart Pot,Home & Garden,199.99
116,EcoClip Binder Duo,Office Supplies,39.5
117,BloomTech Smart Pot,Home & Garden,199.99
118,FlexStep GO Fitness Tracker,Sports & Outdoors,99.5
119,SonicSmile Pro Brush,Beauty & Health,129.95
120,SolarZap Charger,Electronics,89.99
121,FlexStep GO Fitness Tracker,Sports & Outdoors,99.5
122,Velocity Lite Helmet,Sports & Outdoors,99.0
123,TrailMixX Snack Pack,Food & Beverage,14.99
124,AquaShield Lite Rain Jacket,Clothing & Accessories,79.0
125,Velocity Lite Helmet,Sports & Outdoors,99.0
126,FlexStep GO Fitness Tracker,Sports & Outdoors,99.5
127,SonicSmile Pro Brush,Beauty & Health,129.95
128,BloomTech Smart Pot,Home & Garden,199.99
129,LeashLock Basic Set,Pet Supplies,29.99
130,SonicSmile Pro Brush,Beauty & Health,129.95
131,CashmereLuxe Scarf,Clothing & Accessories,149.5
132,CashmereLuxe Scarf,Clothing & Accessories,149.5
133,SolarZap Charger,Electronics,89.99
134,AquaShield Lite Rain Jacket,Clothing & Accessories,79.0
135,DreamWeaver Sleep Mask,Beauty & Health,34.75
136,SonicSmile Pro Brush,Beauty & Health,129.95
137,EcoClip Binder Duo,Office Supplies,39.5
138,Velocity Lite Helmet,Sports & Outdoors,99.0
139,EcoClip Binder Duo,Office Supplies,39.5
140,Soundwave Earbuds,Electronics,149.0
141,EcoClip Binder Duo,Office Supplies,39.5
142,Soundwave Earbuds,Electronics,149.0
143,CashmereLuxe Scarf,Clothing & Accessories,149.5
144,FuzzyFriend Plushie,Toys & Games,24.5
145,CashmereLuxe Scarf,Clothing & Accessories,149.5
146,FuzzyFriend Plushie,Toys & Games,24.5
147,LeashLock Basic Set,Pet Supplies,29.99
148,Velocity Lite Helmet,Sports & Outdoors,99.0
149,BloomTech Smart Pot,Home & Garden,199.99
150,BloomTech Smart Pot,Home & Garden,199.99
151,SonicSmile Pro Brush,Beauty & Health,129.95
152,Soundwave Earbuds,Electronics,149.0
153,TrailMixX Snack Pack,Food & Beverage,14.99
154,CashmereLuxe Scarf,Clothing & Accessories,149.5
155,ArtyBrush Acrylic Set,Arts & Crafts,59.95
156,EverBloom Mini Greenhouse,Home & Garden,29.95
157,LeashLock Basic Set,Pet Supplies,29.99
158,SonicSmile Pro Brush,Beauty & Health,129.95
159,CashmereLuxe Scarf,Clothing & Accessories,149.5
160,EcoClip Binder Duo,Office Supplies,39.5
161,SolarZap Charger,Electronics,89.99
162,ArtyBrush Acrylic Set,Arts & Crafts,59.95
163,BloomTech Smart Pot,Home & Garden,199.99
164,Velocity Lite Helmet,Sports & Outdoors,99.0
165,BloomTech Smart Pot,Home & Garden,199.99
166,AquaShield Lite Rain Jacket,Clothing & Accessories,79.0
167,EverBloom Mini Greenhouse,Home & Garden,29.95
168,EcoClip Binder Duo,Office Supplies,39.5
169,EcoClip Binder Duo,Office Supplies,39.5
170,Velocity Lite Helmet,Sports & Outdoors,99.0
171,BloomTech Smart Pot,Home & Garden,199.99
172,AquaShield Lite Rain Jacket,Clothing & Accessories,79.0
173,SolarZap Charger,Electronics,89.99
174,LeashLock Basic Set,Pet Supplies,29.99
175,CashmereLuxe Scarf,Clothing & Accessories,149.5
176,AquaShield Lite Rain Jacket,Clothing & Accessories,79.0
177,CashmereLuxe Scarf,Clothing & Accessories,149.5
178,EcoClip Binder Duo,Office Supplies,39.5
179,SolarZap Charger,Electronics,89.99
180,EcoClip Binder Duo,Office Supplies,39.5
181,CashmereLuxe Scarf,Clothing & Accessories,149.5
182,BloomTech Smart Pot,Home & Garden,199.99
183,CashmereLuxe Scarf,Clothing & Accessories,149.5
184,SonicSmile Pro Brush,Beauty & Health,129.95
185,ArtyBrush Acrylic Set,Arts & Crafts,59.95
186,Velocity Lite Helmet,Sports & Outdoors,99.0
187,LeashLock Basic Set,Pet Supplies,29.99
188,FlexStep GO Fitness Tracker,Sports & Outdoors,99.5
189,SolarZap Charger,Electronics,89.99
190,AquaShield Lite Rain Jacket,Clothing & Accessories,79.0
191,FuzzyFriend Plushie,Toys & Games,24.5
192,TrailMixX Snack Pack,Food & Beverage,14.99
193,ArtyBrush Acrylic Set,Arts & Crafts,59.95
194,Velocity Lite Helmet,Sports & Outdoors,99.0
195,Velocity Lite Helmet,Sports & Outdoors,99.0
196,BloomTech Smart Pot,Home & Garden,199.99
197,DreamWeaver Sleep Mask,Beauty & Health,34.75
198,BloomTech Smart Pot,Home & Garden,199.99
199,AquaShield Lite Rain Jacket,Clothing & Accessories,79.0
200,Velocity Lite Helmet,Sports & Outdoors,99.0
201,Soundwave Earbuds,Electronics,149.0
202,Velocity Lite Helmet,Sports & Outdoors,99.0
203,BloomTech Smart Pot,Home & Garden,199.99
204,AquaShield Lite Rain Jacket,Clothing & Accessories,79.0
205,AquaShield Lite Rain Jacket,Clothing & Accessories,79.0
206,EcoClip Binder Duo,Office Supplies,39.5
207,ArtyBrush Acrylic Set,Arts & Crafts,59.95
208,DreamWeaver Sleep Mask,Beauty & Health,34.75
209,AquaShield Lite Rain Jacket,Clothing & Accessories,79.0
210,BloomTech Smart Pot,Home & Garden,199.99
211,AquaShield Lite Rain Jacket,Clothing & Accessories,79.0
212,Soundwave Earbuds,Electronics,149.0
213,DreamWeaver Sleep Mask,Beauty & Health,34.75
214,AquaShield Lite Rain Jacket,Clothing & Accessories,79.0
215,FlexStep GO Fitness Tracker,Sports & Outdoors,99.5
216,FlexStep GO Fitness Tracker,Sports & Outdoors,99.5
217,DreamWeaver Sleep Mask,Beauty & Health,34.75
218,BloomTech Smart Pot,Home & Garden,199.99
219,Velocity Lite Helmet,Sports & Outdoors,99.0
220,EcoClip Binder Duo,Office Supplies,39.5
221,EcoClip Binder Duo,Office Supplies,39.5
222,Soundwave Earbuds,Electronics,149.0
223,TrailMixX Snack Pack,Food & Beverage,14.99
224,SolarZap Charger,Electronics,89.99
225,Soundwave Earbuds,Electronics,149.0
226,Soundwave Earbuds,Electronics,149.0
227,ArtyBrush Acrylic Set,Arts & Crafts,59.95
228,CashmereLuxe Scarf,Clothing & Accessories,149.5
229,DreamWeaver Sleep Mask,Beauty & Health,34.75
230,TrailMixX Snack Pack,Food & Beverage,14.99
231,TrailMixX Snack Pack,Food & Beverage,14.99
232,FlexStep GO Fitness Tracker,Sports & Outdoors,99.5
233,TrailMixX Snack Pack,Food & Beverage,14.99
234,BloomTech Smart Pot,Home & Garden,199.99
235,CashmereLuxe Scarf,Clothing & Accessories,149.5
236,Velocity Lite Helmet,Sports & Outdoors,99.0
237,LeashLock Basic Set,Pet Supplies,29.99
238,ArtyBrush Acrylic Set,Arts & Crafts,59.95
239,AquaShield Lite Rain Jacket,Clothing & Accessories,79.0
240,TrailMixX Snack Pack,Food & Beverage,14.99
241,SolarZap Charger,Electronics,89.99
242,Soundwave Earbuds,Electronics,149.0
243,SonicSmile Pro Brush,Beauty & Health,129.95
244,FlexStep GO Fitness Tracker,Sports & Outdoors,99.5
245,Soundwave Earbuds,Electronics,149.0
246,Soundwave Earbuds,Electronics,149.0
247,SonicSmile Pro Brush,Beauty & Health,129.95
248,Soundwave Earbuds,Electronics,149.0
249,BloomTech Smart Pot,Home & Garden,199.99
250,FuzzyFriend Plushie,Toys & Games,24.5
251,CashmereLuxe Scarf,Clothing & Accessories,149.5
252,LeashLock Basic Set,Pet Supplies,29.99
253,CashmereLuxe Scarf,Clothing & Accessories,149.5
254,SolarZap Charger,Electronics,89.99
255,CashmereLuxe Scarf,Clothing & Accessories,149.5
256,CashmereLuxe Scarf,Clothing & Accessories,149.5
257,TrailMixX Snack Pack,Food & Beverage,14.99
258,FlexStep GO Fitness Tracker,Sports & Outdoors,99.5
259,ArtyBrush Acrylic Set,Arts & Crafts,59.95
260,Soundwave Earbuds,Electronics,149.0
261,ArtyBrush Acrylic Set,Arts & Crafts,59.95
262,AquaShield Lite Rain Jacket,Clothing & Accessories,79.0
263,Soundwave Earbuds,Electronics,149.0
264,Velocity Lite Helmet,Sports & Outdoors,99.0
265,BloomTech Smart Pot,Home & Garden,199.99
266,TrailMixX Snack Pack,Food & Beverage,14.99
267,EverBloom Mini Greenhouse,Home & Garden,29.95
268,FlexStep GO Fitness Tracker,Sports & Outdoors,99.5
269,CashmereLuxe Scarf,Clothing & Accessories,149.5
270,Soundwave Earbuds,Electronics,149.0
271,BloomTech Smart Pot,Home & Garden,199.99
272,SolarZap Charger,Electronics,89.99
273,LeashLock Basic Set,Pet Supplies,29.99
274,Soundwave Earbuds,Electronics,149.0
275,FlexStep GO Fitness Tracker,Sports & Outdoors,99.5
276,FuzzyFriend Plushie,Toys & Games,24.5
277,BloomTech Smart Pot,Home & Garden,199.99
278,BloomTech Smart Pot,Home & Garden,199.99
279,EverBloom Mini Greenhouse,Home & Garden,29.95
280,FlexStep GO Fitness Tracker,Sports & Outdoors,99.5
281,TrailMixX Snack Pack,Food & Beverage,14.99
282,CashmereLuxe Scarf,Clothing & Accessories,149.5
283,BloomTech Smart Pot,Home & Garden,199.99
284,ArtyBrush Acrylic Set,Arts & Crafts,59.95
285,DreamWeaver Sleep Mask,Beauty & Health,34.75
286,TrailMixX Snack Pack,Food & Beverage,14.99
287,SolarZap Charger,Electronics,89.99
288,BloomTech Smart Pot,Home & Garden,199.99
289,FlexStep GO Fitness Tracker,Sports & Outdoors,99.5
290,SonicSmile Pro Brush,Beauty & Health,129.95
291,ArtyBrush Acrylic Set,Arts & Crafts,59.95
292,FlexStep GO Fitness Tracker,Sports & Outdoors,99.5
293,Velocity Lite Helmet,Sports & Outdoors,99.0
294,ArtyBrush Acrylic Set,Arts & Crafts,59.95
295,EverBloom Mini Greenhouse,Home & Garden,29.95
296,FlexStep GO Fitness Tracker,Sports & Outdoors,99.5
297,FuzzyFriend Plushie,Toys & Games,24.5
298,BloomTech Smart Pot,Home & Garden,199.99
299,TrailMixX Snack Pack,Food & Beverage,14.99
300,EcoClip Binder Duo,Office Supplies,39.5
301,Velocity Lite Helmet,Sports & Outdoors,99.0
302,FlexStep GO Fitness Tracker,Sports & Outdoors,99.5
303,CashmereLuxe Scarf,Clothing & Accessories,149.5
304,BloomTech Smart Pot,Home & Garden,199.99
305,FlexStep GO Fitness Tracker,Sports & Outdoors,99.5
306,LeashLock Basic Set,Pet Supplies,29.99
307,LeashLock Basic Set,Pet Supplies,29.99
308,CashmereLuxe Scarf,Clothing & Accessories,149.5
309,FuzzyFriend Plushie,Toys & Games,24.5
310,TrailMixX Snack Pack,Food & Beverage,14.99
311,FuzzyFriend Plushie,Toys & Games,24.5
312,EcoClip Binder Duo,Office Supplies,39.5
313,BloomTech Smart Pot,Home & Garden,199.99
314,Soundwave Earbuds,Electronics,149.0
315,CashmereLuxe Scarf,Clothing & Accessories,149.5
316,SonicSmile Pro Brush,Beauty & Health,129.95
317,FlexStep GO Fitness Tracker,Sports & Outdoors,99.5
318,TrailMixX Snack Pack,Food & Beverage,14.99
319,LeashLock Basic Set,Pet Supplies,29.99
320,ArtyBrush Acrylic Set,Arts & Crafts,59.95
321,SonicSmile Pro Brush,Beauty & Health,129.95
322,Velocity Lite Helmet,Sports & Outdoors,99.0
323,AquaShield Lite Rain Jacket,Clothing & Accessories,79.0
324,BloomTech Smart Pot,Home & Garden,199.99
325,SonicSmile Pro Brush,Beauty & Health,129.95
326,EcoClip Binder Duo,Office Supplies,39.5
327,LeashLock Basic Set,Pet Supplies,29.99
328,DreamWeaver Sleep Mask,Beauty & Health,34.75
329,CashmereLuxe Scarf,Clothing & Accessories,149.5
330,LeashLock Basic Set,Pet Supplies,29.99
331,LeashLock Basic Set,Pet Supplies,29.99
332,FlexStep GO Fitness Tracker,Sports & Outdoors,99.5
333,SolarZap Charger,Electronics,89.99
334,EverBloom Mini Greenhouse,Home & Garden,29.95
335,EverBloom Mini Greenhouse,Home & Garden,29.95
336,FuzzyFriend Plushie,Toys & Games,24.5
337,FuzzyFriend Plushie,Toys & Games,24.5
338,Soundwave Earbuds,Electronics,149.0
339,Velocity Lite Helmet,Sports & Outdoors,99.0
340,SonicSmile Pro Brush,Beauty & Health,129.95
341,AquaShield Lite Rain Jacket,Clothing & Accessories,79.0
342,Velocity Lite Helmet,Sports & Outdoors,99.0
343,DreamWeaver Sleep Mask,Beauty & Health,34.75
344,EcoClip Binder Duo,Office Supplies,39.5
345,FlexStep GO Fitness Tracker,Sports & Outdoors,99.5
346,CashmereLuxe Scarf,Clothing & Accessories,149.5
347,EcoClip Binder Duo,Office Supplies,39.5
348,FuzzyFriend Plushie,Toys & Games,24.5
349,SolarZap Charger,Electronics,89.99
350,ArtyBrush Acrylic Set,Arts & Crafts,59.95
351,Velocity Lite Helmet,Sports & Outdoors,99.0
352,AquaShield Lite Rain Jacket,Clothing & Accessories,79.0
353,DreamWeaver Sleep Mask,Beauty & Health,34.75
354,BloomTech Smart Pot,Home & Garden,199.99
355,Velocity Lite Helmet,Sports & Outdoors,99.0
356,EcoClip Binder Duo,Office Supplies,39.5
357,FuzzyFriend Plushie,Toys & Games,24.5
358,EcoClip Binder Duo,Office Supplies,39.5
359,DreamWeaver Sleep Mask,Beauty & Health,34.75
360,Soundwave Earbuds,Electronics,149.0
361,BloomTech Smart Pot,Home & Garden,199.99
362,DreamWeaver Sleep Mask,Beauty & Health,34.75
363,LeashLock Basic Set,Pet Supplies,29.99
364,SonicSmile Pro Brush,Beauty & Health,129.95
365,SonicSmile Pro Brush,Beauty & Health,129.95
366,TrailMixX Snack Pack,Food & Beverage,14.99
367,FuzzyFriend Plushie,Toys & Games,24.5
368,Soundwave Earbuds,Electronics,149.0
369,FlexStep GO Fitness Tracker,Sports & Outdoors,99.5
370,BloomTech Smart Pot,Home & Garden,199.99
371,LeashLock Basic Set,Pet Supplies,29.99
372,SolarZap Charger,Electronics,89.99
373,Soundwave Earbuds,Electronics,149.0
374,SonicSmile Pro Brush,Beauty & Health,129.95
375,BloomTech Smart Pot,Home & Garden,199.99
376,DreamWeaver Sleep Mask,Beauty & Health,34.75
377,FlexStep GO Fitness Tracker,Sports & Outdoors,99.5
378,Velocity Lite Helmet,Sports & Outdoors,99.0
379,TrailMixX Snack Pack,Food & Beverage,14.99
380,SolarZap Charger,Electronics,89.99
381,TrailMixX Snack Pack,Food & Beverage,14.99
382,EcoClip Binder Duo,Office Supplies,39.5
383,EcoClip Binder Duo,Office Supplies,39.5
384,DreamWeaver Sleep Mask,Beauty & Health,34.75
385,AquaShield Lite Rain Jacket,Clothing & Accessories,79.0
386,DreamWeaver Sleep Mask,Beauty & Health,34.75
387,FlexStep GO Fitness Tracker,Sports & Outdoors,99.5
388,ArtyBrush Acrylic Set,Arts & Crafts,59.95
389,SonicSmile Pro Brush,Beauty & Health,129.95
390,Velocity Lite Helmet,Sports & Outdoors,99.0
391,CashmereLuxe Scarf,Clothing & Accessories,149.5
392,CashmereLuxe Scarf,Clothing & Accessories,149.5
393,Soundwave Earbuds,Electronics,149.0
394,CashmereLuxe Scarf,Clothing & Accessories,149.5
395,FuzzyFriend Plushie,Toys & Games,24.5
396,SolarZap Charger,Electronics,89.99
397,AquaShield Lite Rain Jacket,Clothing & Accessories,79.0
398,Soundwave Earbuds,Electronics,149.0
399,FlexStep GO Fitness Tracker,Sports & Outdoors,99.5
400,FuzzyFriend Plushie,Toys & Games,24.5
401,Soundwave Earbuds,Electronics,149.0
402,LeashLock Basic Set,Pet Supplies,29.99
403,SonicSmile Pro Brush,Beauty & Health,129.95
404,Velocity Lite Helmet,Sports & Outdoors,99.0
405,EverBloom Mini Greenhouse,Home & Garden,29.95
406,AquaShield Lite Rain Jacket,Clothing & Accessories,79.0
407,EcoClip Binder Duo,Office Supplies,39.5
408,ArtyBrush Acrylic Set,Arts & Crafts,59.95
409,SonicSmile Pro Brush,Beauty & Health,129.95
410,LeashLock Basic Set,Pet Supplies,29.99
411,Velocity Lite Helmet,Sports & Outdoors,99.0
412,EcoClip Binder Duo,Office Supplies,39.5
413,SonicSmile Pro Brush,Beauty & Health,129.95
414,Soundwave Earbuds,Electronics,149.0
415,FuzzyFriend Plushie,Toys & Games,24.5
416,FlexStep GO Fitness Tracker,Sports & Outdoors,99.5
417,FlexStep GO Fitness Tracker,Sports & Outdoors,99.5
418,FuzzyFriend Plushie,Toys & Games,24.5
419,Velocity Lite Helmet,Sports & Outdoors,99.0
420,CashmereLuxe Scarf,Clothing & Accessories,149.5
421,DreamWeaver Sleep Mask,Beauty & Health,34.75
422,EverBloom Mini Greenhouse,Home & Garden,29.95
423,FlexStep GO Fitness Tracker,Sports & Outdoors,99.5
424,BloomTech Smart Pot,Home & Garden,199.99
425,FuzzyFriend Plushie,Toys & Games,24.5
426,BloomTech Smart Pot,Home & Garden,199.99
427,AquaShield Lite Rain Jacket,Clothing & Accessories,79.0
428,Soundwave Earbuds,Electronics,149.0
429,CashmereLuxe Scarf,Clothing & Accessories,149.5
430,FlexStep GO Fitness Tracker,Sports & Outdoors,99.5
431,LeashLock Basic Set,Pet Supplies,29.99
432,Velocity Lite Helmet,Sports & Outdoors,99.0
433,LeashLock Basic Set,Pet Supplies,29.99
434,Velocity Lite Helmet,Sports & Outdoors,99.0
435,EverBloom Mini Greenhouse,Home & Garden,29.95
436,TrailMixX Snack Pack,Food & Beverage,14.99
437,LeashLock Basic Set,Pet Supplies,29.99
438,FuzzyFriend Plushie,Toys & Games,24.5
439,AquaShield Lite Rain Jacket,Clothing & Accessories,79.0
440,Soundwave Earbuds,Electronics,149.0
441,EverBloom Mini Greenhouse,Home & Garden,29.95
442,DreamWeaver Sleep Mask,Beauty & Health,34.75
443,LeashLock Basic Set,Pet Supplies,29.99
444,LeashLock Basic Set,Pet Supplies,29.99
445,BloomTech Smart Pot,Home & Garden,199.99
446,SonicSmile Pro Brush,Beauty & Health,129.95
447,Velocity Lite Helmet,Sports & Outdoors,99.0
448,SonicSmile Pro Brush,Beauty & Health,129.95
449,EcoClip Binder Duo,Office Supplies,39.5
450,BloomTech Smart Pot,Home & Garden,199.99
451,FlexStep GO Fitness Tracker,Sports & Outdoors,99.5
452,TrailMixX Snack Pack,Food & Beverage,14.99
453,Soundwave Earbuds,Electronics,149.0
454,EcoClip Binder Duo,Office Supplies,39.5
455,EverBloom Mini Greenhouse,Home & Garden,29.95
456,LeashLock Basic Set,Pet Supplies,29.99
457,EcoClip Binder Duo,Office Supplies,39.5
458,FlexStep GO Fitness Tracker,Sports & Outdoors,99.5
459,FlexStep GO Fitness Tracker,Sports & Outdoors,99.5
460,BloomTech Smart Pot,Home & Garden,199.99
461,CashmereLuxe Scarf,Clothing & Accessories,149.5
462,EcoClip Binder Duo,Office Supplies,39.5
463,SonicSmile Pro Brush,Beauty & Health,129.95
464,EverBloom Mini Greenhouse,Home & Garden,29.95
465,EcoClip Binder Duo,Office Supplies,39.5
466,EcoClip Binder Duo,Office Supplies,39.5
467,EverBloom Mini Greenhouse,Home & Garden,29.95
468,DreamWeaver Sleep Mask,Beauty & Health,34.75
469,SolarZap Charger,Electronics,89.99
470,FlexStep GO Fitness Tracker,Sports & Outdoors,99.5
471,SolarZap Charger,Electronics,89.99
472,ArtyBrush Acrylic Set,Arts & Crafts,59.95
473,CashmereLuxe Scarf,Clothing & Accessories,149.5
474,BloomTech Smart Pot,Home & Garden,199.99
475,EverBloom Mini Greenhouse,Home & Garden,29.95
476,ArtyBrush Acrylic Set,Arts & Crafts,59.95
477,AquaShield Lite Rain Jacket,Clothing & Accessories,79.0
478,BloomTech Smart Pot,Home & Garden,199.99
479,FuzzyFriend Plushie,Toys & Games,24.5
480,LeashLock Basic Set,Pet Supplies,29.99
481,ArtyBrush Acrylic Set,Arts & Crafts,59.95
482,TrailMixX Snack Pack,Food & Beverage,14.99
483,ArtyBrush Acrylic Set,Arts & Crafts,59.95
484,FlexStep GO Fitness Tracker,Sports & Outdoors,99.5
485,SolarZap Charger,Electronics,89.99
486,EcoClip Binder Duo,Office Supplies,39.5
487,FuzzyFriend Plushie,Toys & Games,24.5
488,LeashLock Basic Set,Pet Supplies,29.99
489,BloomTech Smart Pot,Home & Garden,199.99
490,SolarZap Charger,Electronics,89.99
491,SonicSmile Pro Brush,Beauty & Health,129.95
492,Velocity Lite Helmet,Sports & Outdoors,99.0
493,EverBloom Mini Greenhouse,Home & Garden,29.95
494,ArtyBrush Acrylic Set,Arts & Crafts,59.95
495,DreamWeaver Sleep Mask,Beauty & Health,34.75
496,Soundwave Earbuds,Electronics,149.0
497,TrailMixX Snack Pack,Food & Beverage,14.99
498,FuzzyFriend Plushie,Toys & Games,24.5
499,BloomTech Smart Pot,Home & Garden,199.99
500,Soundwave Earbuds,Electronics,149.0
501,EcoClip Binder Duo,Office Supplies,39.5
502,Velocity Lite Helmet,Sports & Outdoors,99.0
503,BloomTech Smart Pot,Home & Garden,199.99
504,FuzzyFriend Plushie,Toys & Games,24.5
505,FlexStep GO Fitness Tracker,Sports & Outdoors,99.5
506,LeashLock Basic Set,Pet Supplies,29.99
507,EverBloom Mini Greenhouse,Home & Garden,29.95
508,DreamWeaver Sleep Mask,Beauty & Health,34.75
509,TrailMixX Snack Pack,Food & Beverage,14.99
510,EcoClip Binder Duo,Office Supplies,39.5
511,LeashLock Basic Set,Pet Supplies,29.99
512,CashmereLuxe Scarf,Clothing & Accessories,149.5
513,Velocity Lite Helmet,Sports & Outdoors,99.0
514,BloomTech Smart Pot,Home & Garden,199.99
515,Soundwave Earbuds,Electronics,149.0
516,Velocity Lite Helmet,Sports & Outdoors,99.0
517,SonicSmile Pro Brush,Beauty & Health,129.95
518,ArtyBrush Acrylic Set,Arts & Crafts,59.95
519,SolarZap Charger,Electronics,89.99
520,Soundwave Earbuds,Electronics,149.0
521,BloomTech Smart Pot,Home & Garden,199.99
522,Soundwave Earbuds,Electronics,149.0
523,SonicSmile Pro Brush,Beauty & Health,129.95
524,SonicSmile Pro Brush,Beauty & Health,129.95
525,BloomTech Smart Pot,Home & Garden,199.99
526,Soundwave Earbuds,Electronics,149.0
527,DreamWeaver Sleep Mask,Beauty & Health,34.75
528,AquaShield Lite Rain Jacket,Clothing & Accessories,79.0
529,Velocity Lite Helmet,Sports & Outdoors,99.0
530,DreamWeaver Sleep Mask,Beauty & Health,34.75
531,TrailMixX Snack Pack,Food & Beverage,14.99
532,FuzzyFriend Plushie,Toys & Games,24.5
533,TrailMixX Snack Pack,Food & Beverage,14.99
534,FuzzyFriend Plushie,Toys & Games,24.5
535,Soundwave Earbuds,Electronics,149.0
536,SolarZap Charger,Electronics,89.99
537,EcoClip Binder Duo,Office Supplies,39.5
538,DreamWeaver Sleep Mask,Beauty & Health,34.75
539,AquaShield Lite Rain Jacket,Clothing & Accessories,79.0
540,SonicSmile Pro Brush,Beauty & Health,129.95
541,EcoClip Binder Duo,Office Supplies,39.5
542,CashmereLuxe Scarf,Clothing & Accessories,149.5
543,ArtyBrush Acrylic Set,Arts & Crafts,59.95
544,FlexStep GO Fitness Tracker,Sports & Outdoors,99.5
545,EverBloom Mini Greenhouse,Home & Garden,29.95
546,FlexStep GO Fitness Tracker,Sports & Outdoors,99.5
547,ArtyBrush Acrylic Set,Arts & Crafts,59.95
548,AquaShield Lite Rain Jacket,Clothing & Accessories,79.0
549,SonicSmile Pro Brush,Beauty & Health,129.95
550,EcoClip Binder Duo,Office Supplies,39.5
551,Velocity Lite Helmet,Sports & Outdoors,99.0
552,FlexStep GO Fitness Tracker,Sports & Outdoors,99.5
553,ArtyBrush Acrylic Set,Arts & Crafts,59.95
554,Soundwave Earbuds,Electronics,149.0
555,EcoClip Binder Duo,Office Supplies,39.5
556,Velocity Lite Helmet,Sports & Outdoors,99.0
557,EverBloom Mini Greenhouse,Home & Garden,29.95
558,EverBloom Mini Greenhouse,Home & Garden,29.95
559,Soundwave Earbuds,Electronics,149.0
560,SonicSmile Pro Brush,Beauty & Health,129.95
561,CashmereLuxe Scarf,Clothing & Accessories,149.5
562,TrailMixX Snack Pack,Food & Beverage,14.99
563,Velocity Lite Helmet,Sports & Outdoors,99.0
564,BloomTech Smart Pot,Home & Garden,199.99
565,BloomTech Smart Pot,Home & Garden,199.99
566,EverBloom Mini Greenhouse,Home & Garden,29.95
567,ArtyBrush Acrylic Set,Arts & Crafts,59.95
568,Soundwave Earbuds,Electronics,149.0
569,LeashLock Basic Set,Pet Supplies,29.99
570,FlexStep GO Fitness Tracker,Sports & Outdoors,99.5
571,FlexStep GO Fitness Tracker,Sports & Outdoors,99.5
572,LeashLock Basic Set,Pet Supplies,29.99
573,LeashLock Basic Set,Pet Supplies,29.99
574,AquaShield Lite Rain Jacket,Clothing & Accessories,79.0
575,FlexStep GO Fitness Tracker,Sports & Outdoors,99.5
576,ArtyBrush Acrylic Set,Arts & Crafts,59.95
577,EcoClip Binder Duo,Office Supplies,39.5
578,FuzzyFriend Plushie,Toys & Games,24.5
579,Velocity Lite Helmet,Sports & Outdoors,99.0
580,EverBloom Mini Greenhouse,Home & Garden,29.95
581,TrailMixX Snack Pack,Food & Beverage,14.99
582,TrailMixX Snack Pack,Food & Beverage,14.99
583,FlexStep GO Fitness Tracker,Sports & Outdoors,99.5
584,ArtyBrush Acrylic Set,Arts & Crafts,59.95
585,DreamWeaver Sleep Mask,Beauty & Health,34.75
586,EcoClip Binder Duo,Office Supplies,39.5
587,FlexStep GO Fitness Tracker,Sports & Outdoors,99.5
588,FuzzyFriend Plushie,Toys & Games,24.5
589,SolarZap Charger,Electronics,89.99
590,SonicSmile Pro Brush,Beauty & Health,129.95
591,TrailMixX Snack Pack,Food & Beverage,14.99
592,Velocity Lite Helmet,Sports & Outdoors,99.0
593,EcoClip Binder Duo,Office Supplies,39.5
594,FlexStep GO Fitness Tracker,Sports & Outdoors,99.5
595,BloomTech Smart Pot,Home & Garden,199.99
596,FuzzyFriend Plushie,Toys & Games,24.5
597,AquaShield Lite Rain Jacket,Clothing & Accessories,79.0
598,Velocity Lite Helmet,Sports & Outdoors,99.0
599,EcoClip Binder Duo,Office Supplies,39.5
600,SolarZap Charger,Electronics,89.99
601,SonicSmile Pro Brush,Beauty & Health,129.95
602,Velocity Lite Helmet,Sports & Outdoors,99.0
603,BloomTech Smart Pot,Home & Garden,199.99
604,CashmereLuxe Scarf,Clothing & Accessories,149.5
605,EverBloom Mini Greenhouse,Home & Garden,29.95
606,AquaShield Lite Rain Jacket,Clothing & Accessories,79.0
607,SolarZap Charger,Electronics,89.99
608,Velocity Lite Helmet,Sports & Outdoors,99.0
609,EverBloom Mini Greenhouse,Home & Garden,29.95
610,TrailMixX Snack Pack,Food & Beverage,14.99
611,EcoClip Binder Duo,Office Supplies,39.5
612,Soundwave Earbuds,Electronics,149.0
613,SonicSmile Pro Brush,Beauty & Health,129.95
614,ArtyBrush Acrylic Set,Arts & Crafts,59.95
615,FlexStep GO Fitness Tracker,Sports & Outdoors,99.5
616,Velocity Lite Helmet,Sports & Outdoors,99.0
617,SonicSmile Pro Brush,Beauty & Health,129.95
618,AquaShield Lite Rain Jacket,Clothing & Accessories,79.0
619,CashmereLuxe Scarf,Clothing & Accessories,149.5
620,SolarZap Charger,Electronics,89.99
621,LeashLock Basic Set,Pet Supplies,29.99
622,CashmereLuxe Scarf,Clothing & Accessories,149.5
623,EverBloom Mini Greenhouse,Home & Garden,29.95
624,DreamWeaver Sleep Mask,Beauty & Health,34.75
625,Soundwave Earbuds,Electronics,149.0
626,DreamWeaver Sleep Mask,Beauty & Health,34.75
627,FuzzyFriend Plushie,Toys & Games,24.5
628,ArtyBrush Acrylic Set,Arts & Crafts,59.95
629,CashmereLuxe Scarf,Clothing & Accessories,149.5
630,AquaShield Lite Rain Jacket,Clothing & Accessories,79.0
631,EcoClip Binder Duo,Office Supplies,39.5
632,Velocity Lite Helmet,Sports & Outdoors,99.0
633,ArtyBrush Acrylic Set,Arts & Crafts,59.95
634,CashmereLuxe Scarf,Clothing & Accessories,149.5
635,EverBloom Mini Greenhouse,Home & Garden,29.95
636,FuzzyFriend Plushie,Toys & Games,24.5
637,BloomTech Smart Pot,Home & Garden,199.99
638,FlexStep GO Fitness Tracker,Sports & Outdoors,99.5
639,CashmereLuxe Scarf,Clothing & Accessories,149.5
640,ArtyBrush Acrylic Set,Arts & Crafts,59.95
641,EcoClip Binder Duo,Office Supplies,39.5
642,SolarZap Charger,Electronics,89.99
643,Velocity Lite Helmet,Sports & Outdoors,99.0
644,BloomTech Smart Pot,Home & Garden,199.99
645,FuzzyFriend Plushie,Toys & Games,24.5
646,FuzzyFriend Plushie,Toys & Games,24.5
647,ArtyBrush Acrylic Set,Arts & Crafts,59.95
648,Velocity Lite Helmet,Sports & Outdoors,99.0
649,FlexStep GO Fitness Tracker,Sports & Outdoors,99.5
650,EverBloom Mini Greenhouse,Home & Garden,29.95
651,BloomTech Smart Pot,Home & Garden,199.99
652,AquaShield Lite Rain Jacket,Clothing & Accessories,79.0
653,TrailMixX Snack Pack,Food & Beverage,14.99
654,TrailMixX Snack Pack,Food & Beverage,14.99
655,AquaShield Lite Rain Jacket,Clothing & Accessories,79.0
656,DreamWeaver Sleep Mask,Beauty & Health,34.75
657,FlexStep GO Fitness Tracker,Sports & Outdoors,99.5
658,SonicSmile Pro Brush,Beauty & Health,129.95
659,SonicSmile Pro Brush,Beauty & Health,129.95
660,TrailMixX Snack Pack,Food & Beverage,14.99
661,Velocity Lite Helmet,Sports & Outdoors,99.0
662,EcoClip Binder Duo,Office Supplies,39.5
663,ArtyBrush Acrylic Set,Arts & Crafts,59.95
664,BloomTech Smart Pot,Home & Garden,199.99
665,FlexStep GO Fitness Tracker,Sports & Outdoors,99.5
666,CashmereLuxe Scarf,Clothing & Accessories,149.5
667,AquaShield Lite Rain Jacket,Clothing & Accessories,79.0
668,Velocity Lite Helmet,Sports & Outdoors,99.0
669,EverBloom Mini Greenhouse,Home & Garden,29.95
670,Velocity Lite Helmet,Sports & Outdoors,99.0
671,BloomTech Smart Pot,Home & Garden,199.99
672,AquaShield Lite Rain Jacket,Clothing & Accessories,79.0
673,TrailMixX Snack Pack,Food & Beverage,14.99
674,EcoClip Binder Duo,Office Supplies,39.5
675,Soundwave Earbuds,Electronics,149.0
676,Soundwave Earbuds,Electronics,149.0
677,DreamWeaver Sleep Mask,Beauty & Health,34.75
678,SonicSmile Pro Brush,Beauty & Health,129.95
679,Velocity Lite Helmet,Sports & Outdoors,99.0
680,EverBloom Mini Greenhouse,Home & Garden,29.95
681,FlexStep GO Fitness Tracker,Sports & Outdoors,99.5
682,BloomTech Smart Pot,Home & Garden,199.99
683,TrailMixX Snack Pack,Food & Beverage,14.99
684,LeashLock Basic Set,Pet Supplies,29.99
685,EverBloom Mini Greenhouse,Home & Garden,29.95
686,ArtyBrush Acrylic Set,Arts & Crafts,59.95
687,TrailMixX Snack Pack,Food & Beverage,14.99
688,EverBloom Mini Greenhouse,Home & Garden,29.95
689,AquaShield Lite Rain Jacket,Clothing & Accessories,79.0
690,Velocity Lite Helmet,Sports & Outdoors,99.0
691,SolarZap Charger,Electronics,89.99
692,LeashLock Basic Set,Pet Supplies,29.99
693,SonicSmile Pro Brush,Beauty & Health,129.95
694,FlexStep GO Fitness Tracker,Sports & Outdoors,99.5
695,ArtyBrush Acrylic Set,Arts & Crafts,59.95
696,EverBloom Mini Greenhouse,Home & Garden,29.95
697,ArtyBrush Acrylic Set,Arts & Crafts,59.95
698,Velocity Lite Helmet,Sports & Outdoors,99.0
699,DreamWeaver Sleep Mask,Beauty & Health,34.75
700,FuzzyFriend Plushie,Toys & Games,24.5
701,AquaShield Lite Rain Jacket,Clothing & Accessories,79.0
702,TrailMixX Snack Pack,Food & Beverage,14.99
703,SolarZap Charger,Electronics,89.99
704,LeashLock Basic Set,Pet Supplies,29.99
705,CashmereLuxe Scarf,Clothing & Accessories,149.5
706,CashmereLuxe Scarf,Clothing & Accessories,149.5
707,Soundwave Earbuds,Electronics,149.0
708,SonicSmile Pro Brush,Beauty & Health,129.95
709,AquaShield Lite Rain Jacket,Clothing & Accessories,79.0
710,SolarZap Charger,Electronics,89.99
711,TrailMixX Snack Pack,Food & Beverage,14.99
712,LeashLock Basic Set,Pet Supplies,29.99
713,FlexStep GO Fitness Tracker,Sports & Outdoors,99.5
714,Soundwave Earbuds,Electronics,149.0
715,AquaShield Lite Rain Jacket,Clothing & Accessories,79.0
716,DreamWeaver Sleep Mask,Beauty & Health,34.75
717,Velocity Lite Helmet,Sports & Outdoors,99.0
718,EverBloom Mini Greenhouse,Home & Garden,29.95
719,ArtyBrush Acrylic Set,Arts & Crafts,59.95
720,ArtyBrush Acrylic Set,Arts & Crafts,59.95
721,BloomTech Smart Pot,Home & Garden,199.99
722,FlexStep GO Fitness Tracker,Sports & Outdoors,99.5
723,Soundwave Earbuds,Electronics,149.0
724,LeashLock Basic Set,Pet Supplies,29.99
725,FuzzyFriend Plushie,Toys & Games,24.5
726,SonicSmile Pro Brush,Beauty & Health,129.95
727,FlexStep GO Fitness Tracker,Sports & Outdoors,99.5
728,Soundwave Earbuds,Electronics,149.0
729,EcoClip Binder Duo,Office Supplies,39.5
730,DreamWeaver Sleep Mask,Beauty & Health,34.75
731,ArtyBrush Acrylic Set,Arts & Crafts,59.95
732,FlexStep GO Fitness Tracker,Sports & Outdoors,99.5
733,LeashLock Basic Set,Pet Supplies,29.99
734,DreamWeaver Sleep Mask,Beauty & Health,34.75
735,BloomTech Smart Pot,Home & Garden,199.99
736,FuzzyFriend Plushie,Toys & Games,24.5
737,Soundwave Earbuds,Electronics,149.0
738,ArtyBrush Acrylic Set,Arts & Crafts,59.95
739,ArtyBrush Acrylic Set,Arts & Crafts,59.95
740,CashmereLuxe Scarf,Clothing & Accessories,149.5
741,FlexStep GO Fitness Tracker,Sports & Outdoors,99.5
742,TrailMixX Snack Pack,Food & Beverage,14.99
743,Soundwave Earbuds,Electronics,149.0
744,Soundwave Earbuds,Electronics,149.0
745,SolarZap Charger,Electronics,89.99
746,LeashLock Basic Set,Pet Supplies,29.99
747,EverBloom Mini Greenhouse,Home & Garden,29.95
748,CashmereLuxe Scarf,Clothing & Accessories,149.5
749,LeashLock Basic Set,Pet Supplies,29.99
750,SonicSmile Pro Brush,Beauty & Health,129.95
751,ArtyBrush Acrylic Set,Arts & Crafts,59.95
752,SonicSmile Pro Brush,Beauty & Health,129.95
753,LeashLock Basic Set,Pet Supplies,29.99
754,CashmereLuxe Scarf,Clothing & Accessories,149.5
755,SonicSmile Pro Brush,Beauty & Health,129.95
756,TrailMixX Snack Pack,Food & Beverage,14.99
757,Velocity Lite Helmet,Sports & Outdoors,99.0
758,FuzzyFriend Plushie,Toys & Games,24.5
759,FlexStep GO Fitness Tracker,Sports & Outdoors,99.5
760,AquaShield Lite Rain Jacket,Clothing & Accessories,79.0
761,EverBloom Mini Greenhouse,Home & Garden,29.95
762,DreamWeaver Sleep Mask,Beauty & Health,34.75
763,SolarZap Charger,Electronics,89.99
764,EverBloom Mini Greenhouse,Home & Garden,29.95
765,BloomTech Smart Pot,Home & Garden,199.99
766,EcoClip Binder Duo,Office Supplies,39.5
767,CashmereLuxe Scarf,Clothing & Accessories,149.5
768,LeashLock Basic Set,Pet Supplies,29.99
769,SonicSmile Pro Brush,Beauty & Health,129.95
770,Velocity Lite Helmet,Sports & Outdoors,99.0
771,EcoClip Binder Duo,Office Supplies,39.5
772,CashmereLuxe Scarf,Clothing & Accessories,149.5
773,Velocity Lite Helmet,Sports & Outdoors,99.0
774,ArtyBrush Acrylic Set,Arts & Crafts,59.95
775,TrailMixX Snack Pack,Food & Beverage,14.99
776,BloomTech Smart Pot,Home & Garden,199.99
777,EverBloom Mini Greenhouse,Home & Garden,29.95
778,EcoClip Binder Duo,Office Supplies,39.5
779,SolarZap Charger,Electronics,89.99
780,ArtyBrush Acrylic Set,Arts & Crafts,59.95
781,BloomTech Smart Pot,Home & Garden,199.99
782,AquaShield Lite Rain Jacket,Clothing & Accessories,79.0
783,LeashLock Basic Set,Pet Supplies,29.99
784,DreamWeaver Sleep Mask,Beauty & Health,34.75
785,FuzzyFriend Plushie,Toys & Games,24.5
786,EcoClip Binder Duo,Office Supplies,39.5
787,SolarZap Charger,Electronics,89.99
788,EcoClip Binder Duo,Office Supplies,39.5
789,FlexStep GO Fitness Tracker,Sports & Outdoors,99.5
790,SolarZap Charger,Electronics,89.99
791,FlexStep GO Fitness Tracker,Sports & Outdoors,99.5
792,BloomTech Smart Pot,Home & Garden,199.99
793,LeashLock Basic Set,Pet Supplies,29.99
794,DreamWeaver Sleep Mask,Beauty & Health,34.75
795,EverBloom Mini Greenhouse,Home & Garden,29.95
796,AquaShield Lite Rain Jacket,Clothing & Accessories,79.0
797,Soundwave Earbuds,Electronics,149.0
798,EcoClip Binder Duo,Office Supplies,39.5
799,TrailMixX Snack Pack,Food & Beverage,14.99
800,Soundwave Earbuds,Electronics,149.0
801,SolarZap Charger,Electronics,89.99
802,SolarZap Charger,Electronics,89.99
803,LeashLock Basic Set,Pet Supplies,29.99
804,BloomTech Smart Pot,Home & Garden,199.99
805,FuzzyFriend Plushie,Toys & Games,24.5
806,FuzzyFriend Plushie,Toys & Games,24.5
807,CashmereLuxe Scarf,Clothing & Accessories,149.5
808,Velocity Lite Helmet,Sports & Outdoors,99.0
809,CashmereLuxe Scarf,Clothing & Accessories,149.5
810,EcoClip Binder Duo,Office Supplies,39.5
811,AquaShield Lite Rain Jacket,Clothing & Accessories,79.0
812,DreamWeaver Sleep Mask,Beauty & Health,34.75
813,Velocity Lite Helmet,Sports & Outdoors,99.0
814,ArtyBrush Acrylic Set,Arts & Crafts,59.95
815,TrailMixX Snack Pack,Food & Beverage,14.99
816,CashmereLuxe Scarf,Clothing & Accessories,149.5
817,Soundwave Earbuds,Electronics,149.0
818,SolarZap Charger,Electronics,89.99
819,LeashLock Basic Set,Pet Supplies,29.99
820,Velocity Lite Helmet,Sports & Outdoors,99.0
821,FlexStep GO Fitness Tracker,Sports & Outdoors,99.5
822,BloomTech Smart Pot,Home & Garden,199.99
823,SolarZap Charger,Electronics,89.99
824,SolarZap Charger,Electronics,89.99
825,SolarZap Charger,Electronics,89.99
826,SolarZap Charger,Electronics,89.99
827,EcoClip Binder Duo,Office Supplies,39.5
828,FuzzyFriend Plushie,Toys & Games,24.5
829,AquaShield Lite Rain Jacket,Clothing & Accessories,79.0
830,ArtyBrush Acrylic Set,Arts & Crafts,59.95
831,Soundwave Earbuds,Electronics,149.0
832,Velocity Lite Helmet,Sports & Outdoors,99.0
833,FlexStep GO Fitness Tracker,Sports & Outdoors,99.5
834,Velocity Lite Helmet,Sports & Outdoors,99.0
835,DreamWeaver Sleep Mask,Beauty & Health,34.75
836,SolarZap Charger,Electronics,89.99
837,FuzzyFriend Plushie,Toys & Games,24.5
838,Soundwave Earbuds,Electronics,149.0
839,Soundwave Earbuds,Electronics,149.0
840,CashmereLuxe Scarf,Clothing & Accessories,149.5
841,EverBloom Mini Greenhouse,Home & Garden,29.95
842,AquaShield Lite Rain Jacket,Clothing & Accessories,79.0
843,FuzzyFriend Plushie,Toys & Games,24.5
844,FuzzyFriend Plushie,Toys & Games,24.5
845,SonicSmile Pro Brush,Beauty & Health,129.95
846,FlexStep GO Fitness Tracker,Sports & Outdoors,99.5
847,EverBloom Mini Greenhouse,Home & Garden,29.95
848,FlexStep GO Fitness Tracker,Sports & Outdoors,99.5
849,TrailMixX Snack Pack,Food & Beverage,14.99
850,FlexStep GO Fitness Tracker,Sports & Outdoors,99.5
851,Velocity Lite Helmet,Sports & Outdoors,99.0
852,EverBloom Mini Greenhouse,Home & Garden,29.95
853,SolarZap Charger,Electronics,89.99
854,DreamWeaver Sleep Mask,Beauty & Health,34.75
855,EverBloom Mini Greenhouse,Home & Garden,29.95
856,Soundwave Earbuds,Electronics,149.0
857,SonicSmile Pro Brush,Beauty & Health,129.95
858,ArtyBrush Acrylic Set,Arts & Crafts,59.95
859,LeashLock Basic Set,Pet Supplies,29.99
860,TrailMixX Snack Pack,Food & Beverage,14.99
861,AquaShield Lite Rain Jacket,Clothing & Accessories,79.0
862,FuzzyFriend Plushie,Toys & Games,24.5
863,LeashLock Basic Set,Pet Supplies,29.99
864,SonicSmile Pro Brush,Beauty & Health,129.95
865,SonicSmile Pro Brush,Beauty & Health,129.95
866,DreamWeaver Sleep Mask,Beauty & Health,34.75
867,EcoClip Binder Duo,Office Supplies,39.5
868,FuzzyFriend Plushie,Toys & Games,24.5
869,FuzzyFriend Plushie,Toys & Games,24.5
870,BloomTech Smart Pot,Home & Garden,199.99
871,FuzzyFriend Plushie,Toys & Games,24.5
872,ArtyBrush Acrylic Set,Arts & Crafts,59.95
873,Soundwave Earbuds,Electronics,149.0
874,SonicSmile Pro Brush,Beauty & Health,129.95
875,CashmereLuxe Scarf,Clothing & Accessories,149.5
876,SonicSmile Pro Brush,Beauty & Health,129.95
877,Soundwave Earbuds,Electronics,149.0
878,EcoClip Binder Duo,Office Supplies,39.5
879,EcoClip Binder Duo,Office Supplies,39.5
880,LeashLock Basic Set,Pet Supplies,29.99
881,AquaShield Lite Rain Jacket,Clothing & Accessories,79.0
882,Soundwave Earbuds,Electronics,149.0
883,DreamWeaver Sleep Mask,Beauty & Health,34.75
884,FuzzyFriend Plushie,Toys & Games,24.5
885,SonicSmile Pro Brush,Beauty & Health,129.95
886,DreamWeaver Sleep Mask,Beauty & Health,34.75
887,LeashLock Basic Set,Pet Supplies,29.99
888,DreamWeaver Sleep Mask,Beauty & Health,34.75
889,LeashLock Basic Set,Pet Supplies,29.99
890,FuzzyFriend Plushie,Toys & Games,24.5
891,FuzzyFriend Plushie,Toys & Games,24.5
892,AquaShield Lite Rain Jacket,Clothing & Accessories,79.0
893,DreamWeaver Sleep Mask,Beauty & Health,34.75
894,SonicSmile Pro Brush,Beauty & Health,129.95
895,TrailMixX Snack Pack,Food & Beverage,14.99
896,ArtyBrush Acrylic Set,Arts & Crafts,59.95
897,ArtyBrush Acrylic Set,Arts & Crafts,59.95
898,CashmereLuxe Scarf,Clothing & Accessories,149.5
899,Soundwave Earbuds,Electronics,149.0
900,TrailMixX Snack Pack,Food & Beverage,14.99
901,Velocity Lite Helmet,Sports & Outdoors,99.0
902,ArtyBrush Acrylic Set,Arts & Crafts,59.95
903,TrailMixX Snack Pack,Food & Beverage,14.99
904,LeashLock Basic Set,Pet Supplies,29.99
905,Soundwave Earbuds,Electronics,149.0
906,SonicSmile Pro Brush,Beauty & Health,129.95
907,Velocity Lite Helmet,Sports & Outdoors,99.0
908,EverBloom Mini Greenhouse,Home & Garden,29.95
909,EcoClip Binder Duo,Office Supplies,39.5
910,CashmereLuxe Scarf,Clothing & Accessories,149.5
911,LeashLock Basic Set,Pet Supplies,29.99
912,FuzzyFriend Plushie,Toys & Games,24.5
913,BloomTech Smart Pot,Home & Garden,199.99
914,AquaShield Lite Rain Jacket,Clothing & Accessories,79.0
915,EverBloom Mini Greenhouse,Home & Garden,29.95
916,BloomTech Smart Pot,Home & Garden,199.99
917,BloomTech Smart Pot,Home & Garden,199.99
918,Velocity Lite Helmet,Sports & Outdoors,99.0
919,Soundwave Earbuds,Electronics,149.0
920,EverBloom Mini Greenhouse,Home & Garden,29.95
921,EverBloom Mini Greenhouse,Home & Garden,29.95
922,FlexStep GO Fitness Tracker,Sports & Outdoors,99.5
923,SolarZap Charger,Electronics,89.99
924,FuzzyFriend Plushie,Toys & Games,24.5
925,FuzzyFriend Plushie,Toys & Games,24.5
926,CashmereLuxe Scarf,Clothing & Accessories,149.5
927,FuzzyFriend Plushie,Toys & Games,24.5
928,Soundwave Earbuds,Electronics,149.0
929,SonicSmile Pro Brush,Beauty & Health,129.95
930,FuzzyFriend Plushie,Toys & Games,24.5
931,SolarZap Charger,Electronics,89.99
932,AquaShield Lite Rain Jacket,Clothing & Accessories,79.0
933,EverBloom Mini Greenhouse,Home & Garden,29.95
934,DreamWeaver Sleep Mask,Beauty & Health,34.75
935,EcoClip Binder Duo,Office Supplies,39.5
936,SolarZap Charger,Electronics,89.99
937,SonicSmile Pro Brush,Beauty & Health,129.95
938,SolarZap Charger,Electronics,89.99
939,ArtyBrush Acrylic Set,Arts & Crafts,59.95
940,AquaShield Lite Rain Jacket,Clothing & Accessories,79.0
941,AquaShield Lite Rain Jacket,Clothing & Accessories,79.0
942,TrailMixX Snack Pack,Food & Beverage,14.99
943,EcoClip Binder Duo,Office Supplies,39.5
944,LeashLock Basic Set,Pet Supplies,29.99
945,EcoClip Binder Duo,Office Supplies,39.5
946,LeashLock Basic Set,Pet Supplies,29.99
947,FuzzyFriend Plushie,Toys & Games,24.5
948,AquaShield Lite Rain Jacket,Clothing & Accessories,79.0
949,LeashLock Basic Set,Pet Supplies,29.99
950,Velocity Lite Helmet,Sports & Outdoors,99.0
951,BloomTech Smart Pot,Home & Garden,199.99
952,FlexStep GO Fitness Tracker,Sports & Outdoors,99.5
953,SonicSmile Pro Brush,Beauty & Health,129.95
954,FlexStep GO Fitness Tracker,Sports & Outdoors,99.5
955,Velocity Lite Helmet,Sports & Outdoors,99.0
956,SonicSmile Pro Brush,Beauty & Health,129.95
957,LeashLock Basic Set,Pet Supplies,29.99
958,CashmereLuxe Scarf,Clothing & Accessories,149.5
959,FuzzyFriend Plushie,Toys & Games,24.5
960,FuzzyFriend Plushie,Toys & Games,24.5
961,Velocity Lite Helmet,Sports & Outdoors,99.0
962,Velocity Lite Helmet,Sports & Outdoors,99.0
963,DreamWeaver Sleep Mask,Beauty & Health,34.75
964,AquaShield Lite Rain Jacket,Clothing & Accessories,79.0
965,FuzzyFriend Plushie,Toys & Games,24.5
966,TrailMixX Snack Pack,Food & Beverage,14.99
967,TrailMixX Snack Pack,Food & Beverage,14.99
968,TrailMixX Snack Pack,Food & Beverage,14.99
969,ArtyBrush Acrylic Set,Arts & Crafts,59.95
970,Soundwave Earbuds,Electronics,149.0
971,AquaShield Lite Rain Jacket,Clothing & Accessories,79.0
972,EcoClip Binder Duo,Office Supplies,39.5
973,FuzzyFriend Plushie,Toys & Games,24.5
974,AquaShield Lite Rain Jacket,Clothing & Accessories,79.0
975,FlexStep GO Fitness Tracker,Sports & Outdoors,99.5
976,EcoClip Binder Duo,Office Supplies,39.5
977,LeashLock Basic Set,Pet Supplies,29.99
978,Velocity Lite Helmet,Sports & Outdoors,99.0
979,EverBloom Mini Greenhouse,Home & Garden,29.95
980,Velocity Lite Helmet,Sports & Outdoors,99.0
981,ArtyBrush Acrylic Set,Arts & Crafts,59.95
982,AquaShield Lite Rain Jacket,Clothing & Accessories,79.0
983,Velocity Lite Helmet,Sports & Outdoors,99.0
984,FlexStep GO Fitness Tracker,Sports & Outdoors,99.5
985,FuzzyFriend Plushie,Toys & Games,24.5
986,DreamWeaver Sleep Mask,Beauty & Health,34.75
987,SonicSmile Pro Brush,Beauty & Health,129.95
988,Velocity Lite Helmet,Sports & Outdoors,99.0
989,Velocity Lite Helmet,Sports & Outdoors,99.0
990,FlexStep GO Fitness Tracker,Sports & Outdoors,99.5
991,DreamWeaver Sleep Mask,Beauty & Health,34.75
992,SolarZap Charger,Electronics,89.99
993,SolarZap Charger,Electronics,89.99
994,CashmereLuxe Scarf,Clothing & Accessories,149.5
995,EcoClip Binder Duo,Office Supplies,39.5
996,LeashLock Basic Set,Pet Supplies,29.99
997,FuzzyFriend Plushie,Toys & Games,24.5
998,Velocity Lite Helmet,Sports & Outdoors,99.0
999,SolarZap Charger,Electronics,89.99
1000,AquaShield Lite Rain Jacket,Clothing & Accessories,79.0
